"residue"	"avg_activity"	"normalized_conservation"
270	-0.4074978774286	0.395000405133657
271	-0.350215773362264	0.220473736289909
273	1.50245644831958	0.0911010550662578
274	1.74693640699529	0.103945019679674
275	1.02234860355492	0.242424614447803
276	0.908671380849643	0.412973607383745
277	-1.50217166404292	0.579716799296786
278	-0.526932138099133	0.218263916341127
279	-1.60335859861125	0.579716799296786
280	-0.921449477474187	0.376143274904057
281	-1.50699824987692	0.691558242260106
282	-1.447421913025	0.557004760934312
283	1.1624423681245	0.376658899558773
284	-1.40921859789506	0.612495795203709
285	2.20275497541506	0.571245822826458
286	0.217299782595984	0.21637329260717
287	-0.799723261343833	0.556317261394691
288	0.204601431050886	0.234444709077204
289	0.670049212890058	0.70088859315496
290	0.487854518238844	0.30339109147918
291	0.318888681063844	0.361509356132128
292	0.40603912065605	0.279426821812396
293	0.224956930006011	0.307761624266769
294	0.164521981303011	0.242424614447803
295	-0.355733424949692	0.612495795203709
296	-1.499037257559	0.576328408708655
297	-0.420804153972185	0.448257065899286
298	-1.54647656580154	0.608616333515848
299	-0.107480797595765	0.364112032960692
300	-0.198921747161668	0.351982576797382
301	-1.02802312047368	0.570558323286837
302	0.358169253134635	0.202107677160038
303	0.0193408107761	0.251533983347779
304	0.0541931315058	0.287922351837711
305	-1.2703958067294	0.366567388459338
306	-0.804931177237667	0.217355434806628
307	0.394868091144449	0.28126833843638
308	0.01498357863875	0.285516103449038
309	0.0642416988393	0.325047326977236
310	-1.40002351851	0.685174317963626
311	-0.975512495073373	0.452603045131889
312	-0.229207171268556	0.220375522069963
313	-1.5964901076825	0.620426593464335
314	-1.30249453061706	0.46549366149978
315	-0.232173579425661	0.229583105189885
316	-0.947532633650722	0.403274953164094
317	-1.31907970986644	0.859897415247267
318	-1.08856218907247	0.413440124928488
319	0.265411116198965	0.324065184777778
320	-1.28476930387616	0.417270479506375
321	0.223035902604667	0.414520481347892
322	-1.34962698084	0.859897415247267
323	0.341149169531736	0.185141170664395
324	-0.0162128102951038	0.442707962472347
325	-0.461872416020517	0.506768187432017
326	0.0340404466385117	0.505196759912884
327	0.287415772086195	0.338134371785019
328	-1.41178742992925	0.527663262725494
329	0.267997124226824	0.392766031629889
330	-0.207991911025471	0.40926602058079
331	-0.327415687559033	0.560786008402227
332	-0.684336337990333	0.371232563906765
333	-0.863692253101124	0.198301876137137
334	0.317475618213641	0.22108757516457
335	1.34101985354879	0.198400090357082
336	-1.16966489252237	0.417466907946267
337	-0.633459158615125	0.414250392243041
338	-0.364083677160611	0.563707881445615
339	-1.30153801242368	0.554794940985531
340	-1.13993166699891	0.505196759912884
341	0.117765637575	0.461663306921893
342	-1.01522271578	0.620426593464335
343	1.395850701679	0.410886555209896
344	-0.774054006502286	0.757386323178802
345	0.44541544258328	0.139933165223327
346	0.107668612646371	0.394337459149023
347	-0.744630095071561	0.579716799296786
348	-0.901508659441778	0.398216920836883
349	-0.410671239250524	0.478899902522387
350	0.6789028563269	0.336931247590682
351	-0.429818847803167	0.515337378122291
352	-0.300539698957098	0.557692260473933
353	-0.737553320406092	0.506768187432017
354	0.129024769742521	0.387266035312923
355	-0.119235043179432	0.156708153990075
356	0.485969622326583	0.203458122684293
357	0.244991107739271	0.244462559511679
358	-0.054318565906362	0.29631966764308
359	0.519070088694	0.129296565203193
360	-0.177646010924367	0.118954607842897
361	0.034700818062975	0.219049630100694
362	-0.551555883845544	0.135560177080239
363	-0.709264210088389	0.15064342590842
364	-0.512650054393412	0.210431332300447
365	0.703102476896	0.304348680123652
366	-0.4069068566374	0.409904413010438
367	-0.211518422797027	0.264621028155562
368	1.08897162845379	0.276799591428845
369	-0.498931983606407	0.517719072955978
370	-0.836119750504998	0.311002693524982
371	-0.0363496528086923	0.195232681763829
372	-0.31980869968835	0.467457945898697
373	-1.11814384462664	0.448257065899286
374	-0.793564211752544	0.425569581091798
375	0.195633168288363	0.176007248209432
376	-1.48569063537042	0.465984732599509
377	-0.370586643194125	0.859897415247267
378	0.866699235035077	0.307958052706661
379	-0.707550167318778	0.655587284204944
380	-0.852243739725625	0.348422311324345
381	3.00109454962011	0.596241341802673
382	0.194264491898643	0.189167953682174
383	-0.870243469849125	0.383583002064954
384	-0.11288658982664	0.386480321553356
385	-0.319773235020077	0.406049504877564
386	-1.19551028789947	0.427926722370498
387	-1.49185028774182	0.859897415247267
388	-1.369264121332	0.659614067222723
389	-1.60312063719231	0.669239060777415
390	-1.434299417615	0.490906590910765
391	-1.54454002184941	0.446783852600099
392	-0.598753675363375	0.507357472751692
393	-0.734440990470615	0.472393210450975
394	-1.663729173426	0.706265821696994
395	-1.088106079625	0.475020440834526
396	-1.0922906393221	0.527663262725494
397	-1.07024445656718	0.467728035003548
398	-0.196432531245744	0.377493720428312
399	0.677105994994667	0.387437910197828
400	0.0695305429491	0.273190218845836
401	-0.130922541451	0.210087582530637
402	0.215003329563414	0.363596408305977
403	-0.702805179274162	0.493803910399167
404	-0.0328289939371286	0.608616333515848
405	-1.30804278269139	0.453879829991185
406	-1.27713269670323	0.382158895875739
407	-1.5517461704	0.644194434691227
408	-1.54331615176833	0.712060460673799
409	-1.61180911553118	0.579716799296786
410	-1.45731178851142	0.527663262725494
411	-1.467820961718	0.413955749583203
412	-1.45181892116533	0.389893265696474
413	0.445889282970875	0.13160459937192
414	-0.856987412741333	0.206699191942505
415	-0.430834076926455	0.185926884423961
416	-0.652556173024667	0.30415225168376
417	-0.468137143657007	0.256297373015152
418	-0.274395785417667	0.31711652871661
419	-1.49266908631889	0.285565210559011
420	-0.160198114024947	0.129178708139258
421	-1.19214329280247	0.131864867054777
422	-0.440686553183768	0.180917959206724
423	-0.0329807980615471	0.295263864778662
424	-1.04473316622333	0.24549380882111
425	-0.807617808290083	0.258556300073906
426	-0.160415515329647	0.500826227125294
427	-1.38145025171679	0.458201255668802
428	-1.65511585592	0.659614067222723
429	-0.867866571502931	0.473203477765528
430	-1.32195479072291	0.608616333515848
431	-1.51252343179421	1
432	-1.55035372433368	0.641419882977757
433	-0.831027717613053	0.509739167585379
434	0.00445921315409375	0.659614067222723
435	-1.41024314753857	0.620426593464335
436	-1.13024782972	0.507357472751692
437	-0.7535278847385	0.329368752654853
438	-0.30834385647409	0.243873274192004
439	-0.429119959587632	0.312500460379156
440	-0.597224239568316	0.291335295980829
441	-0.535655667014579	0.30928394467593
442	-1.06390819679099	0.60291990875899
443	0.432085835367553	0.440105285643782
444	1.58967378699072	0.344223653421661
445	0.284094203348568	0.546937803389864
446	-1.22386424360117	0.554230209220842
447	-1.3937352011044	0.669239060777415
448	-0.112192735826571	0.589980185281126
449	-1.32523136697365	1
450	-1.25283856720833	0.552977977916533
451	-1.13906740528847	0.615736864461921
452	-1.51975699099	0.579716799296786
453	-1.00709001500247	0.512489165743862
454	-0.850655722354316	0.407817360836589
455	-0.977881774671716	0.433107522472641
456	-0.414488533480594	0.581042691266055
457	-1.57124509405636	0.620426593464335
458	-0.5648868179687	0.327993753575611
459	-0.7373076079905	0.285933513883808
460	-0.328034136301716	0.422279404723613
461	-0.456335653672	0.399984776795908
462	-0.675958508695	0.579716799296786
463	-0.337872825953786	0.659614067222723
464	0.381666660564724	0.288437976492426
465	-1.26914846458556	0.63591988666079
466	-1.650608873765	0.771259081746151
467	-0.459018051680594	0.615294900472165
468	0.337574374919333	0.334696874086915
469	-0.63046390984625	0.550031551318158
470	0.157774737091729	0.222118824474001
471	-1.07298625992432	0.37417899050514
472	0.139626233889387	0.205127764423372
473	-0.148943635161	0.47894900963236
475	-0.80933701064375	0.249741573833768
476	-0.190741654827663	0.207214816597221
477	0.455374726648789	0.276873252093804
478	-0.62832021428685	0.435464663751341
479	-0.124910218770111	0.411082983649788
480	-0.143782474770722	0.281440213321286
481	-0.914795893948263	0.494540517048761
482	-0.782601233874737	0.695585025277885
483	-0.405223919647121	0.565917701394396
484	-0.768751447263141	0.803006828343642
485	-0.265696278917372	0.372312920326169
486	0.157232945646742	0.227324178131131
487	-0.446553408998741	0.574634213414589
488	0.369504963117838	0.21283758068912
489	-0.201332832306646	0.233781763092569
490	-0.653316199936355	0.759989000007366
491	-0.638536864164737	0.582933315000012
492	0.31818000754781	0.199971517876216
494	-0.69244117850086	0.322076346823875
495	-0.293089945361941	0.571073947941553
496	0.62082211037125	0.160612169232922
497	-0.21365163148	0.25332639286179
498	-0.44288622074871	0.799986741080307
499	0.0577747671149964	0.123676256466793
500	0.146688693106126	0.135849909029079
501	-0.582376318389501	0.7417948157624
502	-0.801174282657142	0.96456922015454
503	0.0360091883748895	0.149857712148853
504	0.145009900855227	0.126244558318376
505	0.349118207957339	0.353554004316515
506	0.608048093336906	0.42306511848318
507	0.26503498610732	0.081829632703371
508	0.539711845982905	0.11751576952069
509	-1.58954444095421	0.605939996022324
510	-0.552348684053591	0.585658759603509
511	0.786619586732487	0.345598652500902
512	0.445510633744172	0.656299337299551
513	0.259479254128229	0.209473743655975
514	0.244983632621909	0.185067509999435
515	-0.702703338500368	0.34387990365185
516	0.174630108986329	0.212813027134134
518	-0.543205450627258	0.170359930562546
519	-0.431208590637995	0.466451250144252
